{"hardness": 47.15176766487488, "depth": 54.72511644821981, "brightness": 47.052868565075514, "roughness": 21.348866259352338, "warmth": 51.4930332578661, "sharpness": 27.993630838600783, "boominess": 46.87888002195438, "reverb": 0}