{"hardness": 79.32213679747355, "depth": 31.402734158547844, "brightness": 81.16232649126502, "roughness": 90.07810837206755, "warmth": 30.015622416948375, "sharpness": 68.7778718135653, "boominess": 4.798869905666805, "reverb": 0}